feature,rf_importance,xgb_importance
rainfall_mm,0.23288640100669827,0.30524394
rain_3h,0.16168243130977897,0.2647316
rainfall_lag_1h,0.10682997089714866,0.009222168
rain_6h,0.09612458490501757,0.01162356
rainfall_lag_2h,0.0673994092675227,0.013126789
rain_24h,0.049915110866722845,0.020497888
rainfall_lag_3h,0.04880463130878502,0.007447
rainfall_lag_6h,0.03151242404584692,0.0073760753
rainfall_lag_12h,0.020844742441188554,0.018482046
imerg_prev_day_quality_ratio,0.01672671581544997,0.013245362
imerg_prev_day_mm,0.015739832211059252,0.027481474
imerg_prev_day_cond_count,0.01488471044368465,0.011771346
rainfall_lag_24h,0.013243700659667523,0.019956835
pressure_hpa,0.010383663480128598,0.012627878
u10_ms,0.009689885841209788,0.008666827
v10_ms,0.009526584199649439,0.012701385
imerg_prev_day_random_error,0.009444082674966858,0.02255317
dewpoint_c,0.008259373676100247,0.009112934
temperature_c,0.007823706050476074,0.0076834913
imerg_3day_sum_mm,0.007516165586120776,0.019281074
imerg_3day_max_mm,0.007323564949655543,0.00860945
imerg_7day_sum_mm,0.006848047425780698,0.017402153
hour_sin,0.006739783601420822,0.019188998
doy_sin,0.005285045736090602,0.0153680425
day_of_year,0.005211707398264008,0.016519343
hour,0.005108450112896943,0.0092087705
hour_cos,0.005066852293007296,0.01542353
imerg_7day_max_mm,0.0049194367000495965,0.010265052
doy_cos,0.004742570562798443,0.016005341
day,0.0037236935721494794,0.009781962
year,0.0033926325105374353,0.013806743
month,0.0016145108298478397,0.014639721
imerg_prev_day_liquid_probability,0.0007855776202785213,0.010948054
imerg_prev_day_count,0.0,0.0
