feature,importance
era5_rainfall_mm,0.8822370486616984
u10_ms,0.015321877682549548
rain_3h,0.01361255599040207
rain_6h,0.009949557690036286
v10_ms,0.009210860338777726
imerg_random_error_max_3x3,0.007703099635549882
temperature_c,0.007510772682044118
rain_24h,0.0070939256236442
pressure_hpa,0.006453936014557857
imerg_quality_center,0.006136566848264308
dewpoint_c,0.006085114170770826
imerg_random_error_mean_3x3,0.0060048230693779256
imerg_quality_mean_3x3,0.005689920896664084
imerg_quality_min_3x3,0.005079912733763491
imerg_max_3x3_hourly_mm,0.0037081370763134016
imerg_mean_3x3_hourly_mm,0.003317471602142435
imerg_random_error_center,0.002571133922720494
imerg_center_hourly_mm,0.0023132853607230066
